180518/0515/095;Поставка химических материалов;"Акционерное общество ""Научно-исследовательский институт технической физики и автоматизации""";178 812,11;06.06.2018;Опубликована;http://www.zakupki.rosatom.ru/1805180515095
180518/0451/142;Право заключения договора на предоставление права использования специализированного программного обеспечения для моделирования и анализа рисков, а также влияния  планов реагирования на стоимость и сроки реализации инвестиционных проектов на условиях простой (неисключительной) лицензии и поставка подписки на обновления специализированного программного обеспечения;"Государственная корпорация по атомной энергии ""Росатом""";1 027 520,00;24.05.2018;Опубликована;http://www.zakupki.rosatom.ru/1805180451142
180518/0494/101;Право заключения договора на Поставка средств индивидуальной защиты для отделения Сайда-Губа СЗЦ «СевРАО» - филиала ФГУП «РосРАО»;"Федеральное государственное унитарное предприятие ""Предприятие по обращению с радиоактивными отходами ""РосРАО""";8 586 212,50;25.05.2018;Опубликована;http://www.zakupki.rosatom.ru/1805180494101
180518/0550/085;Поставка металлоизделий;"Акционерное общество ""Атомэнергоремонт""";664 483,37;24.05.2018;Опубликована;http://www.zakupki.rosatom.ru/1805180550085
180518/0536/769;"Право заключения договора на поставку товара по лоту 
№12375/796 БЛР2-18 «Поставка щитового оборудования зданий 21UQC,22UQC, основных и вспомогательных зданий и  сооружений системы физической защиты АЭС для сооружения энергоблока №2 Белорусской АЭС».";"Акционерное общество Инжиниринговая компания ""АСЭ""";23 904 535,67;19.06.2018;Опубликована;http://www.zakupki.rosatom.ru/1805180536769
180518/0536/768;Право заключения договора на поставку товара по лоту №12375/786 Куд3/П-18 «Поставка талей электрических специальных здания UKS для сооружения энергоблока №3  АЭС Куданкулам»;"Акционерное общество Инжиниринговая компания ""АСЭ""";1 835 510,84;29.05.2018;Опубликована;http://www.zakupki.rosatom.ru/1805180536768
180511/0513/719;Поставка растворителей, лакокрасочной продукции, герметиков;"Акционерное общество ""Российский концерн по производству электрической и тепловой энергии на атомных станциях""";563 000,42;30.05.2018;Опубликована;http://www.zakupki.rosatom.ru/1805110513719
180518/0458/087;Право заключения договора на поставку наглядных пособий и знаков безопсаности;"Акционерное общество ""Государственный научный центр Российской Федерации - Физико-энергетический институт имени А.И. Лейпунского""";134 492,57;24.05.2018;Опубликована;http://www.zakupki.rosatom.ru/1805180458087
180518/0513/718;Поставка отсечной трубопроводной арматуры Ду10;"Акционерное общество ""Российский концерн по производству электрической и тепловой энергии на атомных станциях""";567 978,84;28.05.2018;Опубликована;http://www.zakupki.rosatom.ru/1805180513718
180518/0513/717;Поставка низковольтной аппаратуры;"Акционерное общество ""Российский концерн по производству электрической и тепловой энергии на атомных станциях""";555 914,90;25.05.2018;Опубликована;http://www.zakupki.rosatom.ru/1805180513717
180518/0536/767;Право заключения договора на поставку товара по лоту №12394/120 НВ2-2/П-18 «Поставка датчиков по типу ТЖИУ для сооружения энергоблока №2 Нововоронежской АЭС-2»;"Акционерное общество Инжиниринговая компания ""АСЭ""";580 779,78;29.05.2018;Опубликована;http://www.zakupki.rosatom.ru/1805180536767
180518/0653/015;Право заключения договора на Лот № 012/05/2018 «Поставка металлопроката  в ассортименте для выполнения строительно-монтажных работ на объектах энергоблоков № 1,2  Курской АЭС-2»;"Общество с ограниченной ответственностью ""Строительно-монтажное управление № 1""";6 166 928,67;29.05.2018;Опубликована;http://www.zakupki.rosatom.ru/1805180653015
180517/0513/716;Поставка автошин;"Акционерное общество ""Российский концерн по производству электрической и тепловой энергии на атомных станциях""";225 549,99;31.05.2018;Опубликована;http://www.zakupki.rosatom.ru/1805170513716
180518/3595/069;поставка комплекта для сборки гидравлического пресса для проведения соревнований по компетенции «Ремонт механического оборудования»в рамках III отраслевого чемпионата Госкорпорации Росатом по методике WorldSkills – AtomSkills 2018;"Автономная некоммерческая организация ""Корпоративная Академия Госкорпорации ""Росатом""";973 500,00;30.05.2018;Опубликована;http://www.zakupki.rosatom.ru/1805183595069
180518/0534/255;Право заключения договора на Поставка телефонно-микрофонных гарнитур для нужд Московского филиала «Центратомтехэнерго» АО «Атомтехэнерго»;"Акционерное общество по наладке, совершенствованию эксплуатации и организации управления атомных станций ""Атомтехэнерго""";470 563,53;25.05.2018;Опубликована;http://www.zakupki.rosatom.ru/1805180534255
180518/1662/096;Право заключения договора на Поставка рулонных штор;"Общество с ограниченной ответственностью ""Белоярская АЭС - Авто""";350 765,99;24.05.2018;Опубликована;http://www.zakupki.rosatom.ru/1805181662096
180518/0536/765;Право заключения договора на поставку товара по лоту №12375/301 Куд3,4/П-18 «Поставка клапанов избыточного давления для сооружения энергоблоков № 3 и № 4 АЭС Куданкулам»;"Акционерное общество Инжиниринговая компания ""АСЭ""";52 227 075,58;29.05.2018;Опубликована;http://www.zakupki.rosatom.ru/1805180536765
180518/0467/494;Право заключения договора на Поставка колбасных изделий и мясокопченностей в ассортименте согласно ТЗ;"Федеральное государственное унитарное предприятие ""Российский федеральный ядерный центр - Всероссийский научно-исследовательский институт экспериментальной физики""";3 316 060,90;29.05.2018;Опубликована;http://www.zakupki.rosatom.ru/1805180467494
180518/0510/036;Право заключения договора на Поставка карбонатов редко - земельных элементов;"Акционерное общество ""Ведущий научно-исследовательский институт химической технологии""";1 833 779,00;31.05.2018;Опубликована;http://www.zakupki.rosatom.ru/1805180510036
180518/0642/220;Право заключения договора на Поставка оборудования технологического для объекта общественного питания;"Филиал АО ""Концерн Росэнергоатом"" ""Кольская атомная станция""";2 274 608,08;01.06.2018;Опубликована;http://www.zakupki.rosatom.ru/1805180642220
180510/0502/209;Поставка периодических изданий;"Акционерное общество ""Центральное конструкторское бюро машиностроения""";172 457,30;29.05.2018;Опубликована;http://www.zakupki.rosatom.ru/1805100502209
180518/0643/059;Поставка трубопроводной арматуры из материала ХПВХ;"Общество с ограниченной ответственностью ""Аргон""";164 400,00;24.05.2018;Опубликована;http://www.zakupki.rosatom.ru/1805180643059
180518/4465/240;"Право заключения договора на металлопрокат. Поставка черного металла проката (для нужд Филиала АО ""ОТЭК"" в г. Новоуральске)";"Открытое акционерное общество ""Объединённая теплоэнергетическая компания""";439 382,42;25.05.2018;Опубликована;http://www.zakupki.rosatom.ru/1805184465240
180518/1201/014;Поставка источников ионизирующих излучений;"Акционерное общество ""Изотоп""";30 090 000,00;24.05.2018;Опубликована;http://www.zakupki.rosatom.ru/1805181201014
180518/0536/763;Право заключения договора на лот № 12394/109 НВ-2-2/П-18 «Поставка арматуры регулирующей DN50 для сооружения энергоблока №2 Нововоронежской АЭС-2»;"Акционерное общество Инжиниринговая компания ""АСЭ""";983 914,83;29.05.2018;Опубликована;http://www.zakupki.rosatom.ru/1805180536763
180518/0670/170;Право заключения договора на Поставка подшипников импортных (или аналог) в соответствии со спецификацией;"Филиал ОАО ""Концерн Росэнергоатом"" ""Белоярская атомная станция""";3 920 211,72;24.05.2018;Опубликована;http://www.zakupki.rosatom.ru/1805180670170
180516/0499/231;поставка плиты из сплава 5В и круга из сплава 5В;"Акционерное общество ""Ордена Ленина Научно-исследовательский и конструкторский институт энерготехники имени Н.А. Доллежаля""";145 000,00;21.05.2018;Опубликована;http://www.zakupki.rosatom.ru/1805160499231
180518/1051/146;поставка лома стального 5А, 5АР;"Общество с ограниченной ответственностью ""Литейный завод ""Петрозаводскмаш""";993 200,00;24.05.2018;Опубликована;http://www.zakupki.rosatom.ru/1805181051146
180518/0656/302;Право заключения договора на поставку полотенец вафельных и льняных;"Филиал АО ""Концерн Росэнергоатом"" ""Курская атомная станция""";785 261,15;30.05.2018;Опубликована;http://www.zakupki.rosatom.ru/1805180656302
180518/0502/208;поставка агрегатов насосных для 1,2 блоков АЭС «РУППУР»;"Акционерное общество ""Центральное конструкторское бюро машиностроения""";113 100 000,00;28.05.2018;Опубликована;http://www.zakupki.rosatom.ru/1805180502208
180518/4465/239;"Право заключения договора на строительные материалы. Поставка строительных материалов (для нужд Филиала АО ""ОТЭК"" в г. Новоуральске)";"Открытое акционерное общество ""Объединённая теплоэнергетическая компания""";161 592,26;25.05.2018;Опубликована;http://www.zakupki.rosatom.ru/1805184465239
180518/0643/058;Поставка кабельно-проводниковой продукции для текущих ремонтов;"Общество с ограниченной ответственностью ""Аргон""";205 050,00;24.05.2018;Опубликована;http://www.zakupki.rosatom.ru/1805180643058
180518/0594/124;Поставка балок IPE 100, 120, 160 и HEA 400 S355J2 DIN1025;"Акционерное общество ""Инжиниринговая компания ""АЭМ-технологии""";443 826,23;24.05.2018;Опубликована;http://www.zakupki.rosatom.ru/1805180594124
180514/0513/715;Поставка уличных вазонов для цветов;"Акционерное общество ""Российский концерн по производству электрической и тепловой энергии на атомных станциях""";412 528,00;30.05.2018;Опубликована;http://www.zakupki.rosatom.ru/1805140513715
180518/1662/094;Право заключения договора на Поставка профессиональных моющих и чистящих средств для помещений;"Общество с ограниченной ответственностью ""Белоярская АЭС - Авто""";792 321,40;24.05.2018;Опубликована;http://www.zakupki.rosatom.ru/1805181662094
180518/0608/340;Право заключения договора на поставка запасных частей к реакторному оборудованию (прокладок из расширенного графита);"Филиал АО ""Концерн Росэнергоатом"" ""Балаковская атомная станция""";4 624 255,76;29.05.2018;Опубликована;http://www.zakupki.rosatom.ru/1805180608340
180518/0610/314;"Право заключения договора на Ф10 Поставка оборудования для спортивных игр на объект Реабилитационно-оздоровительный комплекс на базе отдыха ""Белая Вежа"" ул. Лодочная 25.";"Филиал АО ""Концерн Росэнергоатом"" ""Ростовская атомная станция""";321 537,38;28.05.2018;Опубликована;http://www.zakupki.rosatom.ru/1805180610314
180518/0477/350;Поставка проката листового, фасонного;"Федеральное государственное унитарное предприятие ""Комбинат ""Электрохимприбор""";775 940,00;18.05.2018;Опубликована;http://www.zakupki.rosatom.ru/1805180477350
180518/0594/123;Поставка рукавов высокого давления;"Акционерное общество ""Инжиниринговая компания ""АЭМ-технологии""";263 624,18;24.05.2018;Опубликована;http://www.zakupki.rosatom.ru/1805180594123
180518/0479/443;Поставка соединителей;"Федеральное государственное унитарное предприятие  ""Приборостроительный завод""";1 020 086,28;01.06.2018;Опубликована;http://www.zakupki.rosatom.ru/1805180479443
180518/0594/122;Поставка заготовок ДНИЩА 09Г2СА-А 91.3880.302 ТУ 5.961-11983-2010;"Акционерное общество ""Инжиниринговая компания ""АЭМ-технологии""";38 739 588,00;24.05.2018;Опубликована;http://www.zakupki.rosatom.ru/1805180594122
180518/0595/113;Поставка металлических и деревянных дверей;"Акционерное общество ""ТВЭЛ-СТРОЙ""";190 800,00;28.05.2018;Опубликована;http://www.zakupki.rosatom.ru/1805180595113
180518/0464/382;Право заключения договора на Поставка лабораторного оборудования (лот 8144-С);"Федеральное государственное унитарное предприятие ""Горно-химический комбинат""";1 120 590,54;25.05.2018;Опубликована;http://www.zakupki.rosatom.ru/1805180464382
180518/0705/027;Право заключения договора на Поставка комплектующих для ЭВМ;"""Уралатомэнергоремонт"" - филиал Акционерного общества ""Атомэнергоремонт""";271 796,02;25.05.2018;Опубликована;http://www.zakupki.rosatom.ru/1805180705027
180518/2433/229;Поставка запасных частей для серверов Intel;"Общество с ограниченной ответственностью ""Трест Росспецэнергомонтаж""";198 119,00;24.05.2018;Опубликована;http://www.zakupki.rosatom.ru/1805182433229
180419/0528/050;Поставка электропривода МОА для сооружения энергоблока №2 Нововоронежской АЭС-2;"Акционерное общество ""Атомэнергопроект""";1 000 000,00;31.05.2018;Опубликована;http://www.zakupki.rosatom.ru/1804190528050
180518/0589/221;Поставка кистей и валиков;"Акционерное общество ""Обеспечение РФЯЦ-ВНИИЭФ""";164 020,00;31.05.2018;Опубликована;http://www.zakupki.rosatom.ru/1805180589221
180518/0610/312;"Право заключения договора на Ф10 Поставка бассейнов из композитных материалов с системой водоочистки и дезинфекции и защитным покрытием для объекта Реабилитационно-оздоровительный комплекс 
«Белая Вежа» г. Волгодонск  ул. Лодочная 25.";"Филиал АО ""Концерн Росэнергоатом"" ""Ростовская атомная станция""";5 096 351,97;30.05.2018;Опубликована;http://www.zakupki.rosatom.ru/1805180610312
180518/0664/107;Право заключения договора на Поставка регистраторов щитовых многоканальных для модернизации вторичных приборов по контролю температуры стенок барабн-сепаратора в рамках модернизации приборного парка КИПиА;"Филиал АО ""Концерн Росэнергоатом"" ""Билибинская атомная станция""";1 659 591,35;29.05.2018;Опубликована;http://www.zakupki.rosatom.ru/1805180664107
180518/0464/378;Право заключения договора на Поставку бытовой техники и электроприборов;"Федеральное государственное унитарное предприятие ""Горно-химический комбинат""";2 623 349,63;24.05.2018;Опубликована;http://www.zakupki.rosatom.ru/1805180464378
180518/0664/106;Право заключения договора на Поставка подшипников на Билибинскую АЭС;"Филиал АО ""Концерн Росэнергоатом"" ""Билибинская атомная станция""";3 515 213,63;28.05.2018;Опубликована;http://www.zakupki.rosatom.ru/1805180664106
180424/0451/139;поставка товарно-материальных ценностей для нужд Госкорпорации «Росатом»;"Государственная корпорация по атомной энергии ""Росатом""";856 400,00;11.05.2018;Опубликована;http://www.zakupki.rosatom.ru/1804240451139
180518/0464/377;Поставка рентгенпленки;"Федеральное государственное унитарное предприятие ""Горно-химический комбинат""";594 568,06;01.06.2018;Опубликована;http://www.zakupki.rosatom.ru/1805180464377
180518/0467/492;Поставка спортинвентаря согласно ТЗ;"Федеральное государственное унитарное предприятие ""Российский федеральный ядерный центр - Всероссийский научно-исследовательский институт экспериментальной физики""";360 480,00;09.06.2018;Опубликована;http://www.zakupki.rosatom.ru/1805180467492
180515/0499/229;поставка песка гранатового Mesh 80;"Акционерное общество ""Ордена Ленина Научно-исследовательский и конструкторский институт энерготехники имени Н.А. Доллежаля""";400 000,00;22.05.2018;Опубликована;http://www.zakupki.rosatom.ru/1805150499229
180518/0536/759;"Право заключения договора на Поставка тахографического оборудования, оборудования системы ГЛОНАСС и автосигнализации, а также выполнение работ по их установке на транспортные средства для нужд АО ""Атомэнергопроект"" (лот 343Пр/ЗЦ-018)";"Акционерное общество Инжиниринговая компания ""АСЭ""";201 743,45;25.05.2018;Опубликована;http://www.zakupki.rosatom.ru/1805180536759
180518/0495/088;Право заключения договора на изготовление и поставку 20 контейнеров для технологических нужд радиохимического корпуса №6;"Акционерное общество ""РАДИЕВЫЙ ИНСТИТУТ ИМЕНИ В.Г. ХЛОПИНА""";2 554 700,00;24.05.2018;Опубликована;http://www.zakupki.rosatom.ru/1805180495088
180518/0464/376;Право заключения договора на Поставка спецодежды летней;"Федеральное государственное унитарное предприятие ""Горно-химический комбинат""";1 827 094,88;25.05.2018;Опубликована;http://www.zakupki.rosatom.ru/1805180464376
180516/0499/228;поставка труб 12Х18Н10Т;"Акционерное общество ""Ордена Ленина Научно-исследовательский и конструкторский институт энерготехники имени Н.А. Доллежаля""";290 857,90;22.05.2018;Опубликована;http://www.zakupki.rosatom.ru/1805160499228
180518/0532/023;Право заключения договора на Поставка кресел.;"Акционерное общество ""Атомтранс""";728 193,36;24.05.2018;Опубликована;http://www.zakupki.rosatom.ru/1805180532023
180516/0513/713;Поставка смазок, масел для техники малой механизации в ассортименте;"Акционерное общество ""Российский концерн по производству электрической и тепловой энергии на атомных станциях""";929 975,99;24.05.2018;Опубликована;http://www.zakupki.rosatom.ru/1805160513713
180518/0539/215;Поставка инертных материалов;"Акционерное общество ""Атомспецтранс""";475 901,32;24.05.2018;Опубликована;http://www.zakupki.rosatom.ru/1805180539215
180518/0656/301;Право заключения договора на Поставка перчаток трикотажных;"Филиал АО ""Концерн Росэнергоатом"" ""Курская атомная станция""";2 123 988,72;30.05.2018;Опубликована;http://www.zakupki.rosatom.ru/1805180656301
180518/0467/491;Право заключения договора на Поставка мясопродуктов из свинины в ассортименте согласно ТЗ;"Федеральное государственное унитарное предприятие ""Российский федеральный ядерный центр - Всероссийский научно-исследовательский институт экспериментальной физики""";19 983 198,00;29.05.2018;Опубликована;http://www.zakupki.rosatom.ru/1805180467491
180518/0480/294;"тележка инструментальная производства ООО ""Феррум""";"Федеральное государственное унитарное предприятие ""Уральский электромеханический завод""";235 800,00;21.05.2018;Опубликована;http://www.zakupki.rosatom.ru/1805180480294
180518/6087/122;Право заключения договора на Изготовление и поставка оборудования из состава ЭКП для энергоблока №2 Ленинградской АЭС-2;"Акционерное общество ""Русатом Автоматизированные системы управления""";21 154 979,06;07.06.2018;Опубликована;http://www.zakupki.rosatom.ru/1805186087122
180518/0464/375;Поставка профилей пластиковых и аксессуаров;"Федеральное государственное унитарное предприятие ""Горно-химический комбинат""";824 984,00;18.05.2018;Опубликована;http://www.zakupki.rosatom.ru/1805180464375
180515/0513/712;Ф 07:Поставка панелей КИПиА;"Акционерное общество ""Российский концерн по производству электрической и тепловой энергии на атомных станциях""";41 967 390,49;31.05.2018;Опубликована;http://www.zakupki.rosatom.ru/1805150513712
180518/0467/487;Право заключения договора на Поставка семян люцерны;"Федеральное государственное унитарное предприятие ""Российский федеральный ядерный центр - Всероссийский научно-исследовательский институт экспериментальной физики""";118 489,70;24.05.2018;Опубликована;http://www.zakupki.rosatom.ru/1805180467487
180518/0464/372;Право заключения договора на Поставка приборов для диагностики и регулирования процессов;"Федеральное государственное унитарное предприятие ""Горно-химический комбинат""";10 510 680,71;29.05.2018;Опубликована;http://www.zakupki.rosatom.ru/1805180464372
180517/0643/057;Поставка мембранного насоса Tapflo TR20 PTT;"Общество с ограниченной ответственностью ""Аргон""";273 253,40;23.05.2018;Опубликована;http://www.zakupki.rosatom.ru/1805170643057
180518/0477/346;Рым-болт, опора;"Федеральное государственное унитарное предприятие ""Комбинат ""Электрохимприбор""";767 721,24;18.05.2018;Опубликована;http://www.zakupki.rosatom.ru/1805180477346
180518/0464/371;Поставка светодиодных светильников;"Федеральное государственное унитарное предприятие ""Горно-химический комбинат""";217 350,01;10.05.2018;Опубликована;http://www.zakupki.rosatom.ru/1805180464371
180518/1662/091;Право заключения договора на Поставка молочной продукции;"Общество с ограниченной ответственностью ""Белоярская АЭС - Авто""";3 627 066,50;24.05.2018;Опубликована;http://www.zakupki.rosatom.ru/1805181662091
180518/0464/370;Право заключения договора на Поставка карбогидразида;"Федеральное государственное унитарное предприятие ""Горно-химический комбинат""";3 696 623,98;24.05.2018;Опубликована;http://www.zakupki.rosatom.ru/1805180464370
180517/0477/345;Поставка ленты марки 12Х18Н9 с дополнительным требованием п. 2.6 ГОСТ 4986-79;"Федеральное государственное унитарное предприятие ""Комбинат ""Электрохимприбор""";563 922,00;18.05.2018;Опубликована;http://www.zakupki.rosatom.ru/1805170477345
180518/0464/369;Право заключения договора на Поставка электросварочного оборудования (Лот 8023-С);"Федеральное государственное унитарное предприятие ""Горно-химический комбинат""";115 863,92;25.05.2018;Опубликована;http://www.zakupki.rosatom.ru/1805180464369
180518/0464/368;Право заключения договора на Поставка оборудования газоанализа (Лот 8077-С);"Федеральное государственное унитарное предприятие ""Горно-химический комбинат""";1 408 973,10;24.05.2018;Опубликована;http://www.zakupki.rosatom.ru/1805180464368
180518/0464/366;Право заключения договора на Поставка шкафов ШСАУ (лот 8148-С);"Федеральное государственное унитарное предприятие ""Горно-химический комбинат""";1 360 226,30;24.05.2018;Опубликована;http://www.zakupki.rosatom.ru/1805180464366
180418/0591/165;Поставка ЗИП для КРУЗА-П 0,4 кВ на пятилетний период эксплуатации;"Акционерное общество ""Атомстройэкспорт""";59 294 978,07;15.05.2018;Опубликована;http://www.zakupki.rosatom.ru/1804180591165
180517/0643/056;Поставка компьютеров в сборе.;"Общество с ограниченной ответственностью ""Аргон""";137 742,00;23.05.2018;Опубликована;http://www.zakupki.rosatom.ru/1805170643056
180515/6087/121;Изготовление и поставка оборудования, предназначенного для энергоблока №2 Ленинградской АЭС-2 (Соглашение о замене стороны от 04.05.2016 № 952.Р.5 по договору от 23.12.2011 № 2-ЛЕН2-2-199/80-274).;"Акционерное общество ""Русатом Автоматизированные системы управления""";84 607 390,00;31.05.2018;Опубликована;http://www.zakupki.rosatom.ru/1805156087121
180515/6087/119;Изготовление и поставка оборудования КИП (контрольно-измерительные приборы) в части измерения расхода для энергоблока №1 Ленинградской АЭС-2 (Соглашение о замене стороны от 30.05.2016 № 072.Р.37 по договору от 30.05.2016 № 050-15/152).;"Акционерное общество ""Русатом Автоматизированные системы управления""";4 987 965,46;31.05.2018;Опубликована;http://www.zakupki.rosatom.ru/1805156087119
180517/1662/090;Право заключения договора на Поставка упаковки с логотипом для продукции собственного приготовления;"Общество с ограниченной ответственностью ""Белоярская АЭС - Авто""";306 066,67;23.05.2018;Опубликована;http://www.zakupki.rosatom.ru/1805171662090
180517/0712/072;Поставка подарочных сертификатов;"Акционерное общество ""НПК ""Химпроминжиниринг""";134 900,00;23.05.2018;Опубликована;http://www.zakupki.rosatom.ru/1805170712072
180517/0536/755;Право заключения договора на поставку товара по лоту №12375/ 165 Руп1-18 «Поставка рециркуляционных установок для сооружения энергоблока №1 АЭС «Руппур»;"Акционерное общество Инжиниринговая компания ""АСЭ""";55 900 216,34;29.05.2018;Опубликована;http://www.zakupki.rosatom.ru/1805170536755
180517/0536/754;Право заключения договора на поставку товара по лоту №12406/419 К2-1/П-18 «Поставка бокса перезарядного для сооружения энергоблока № 1 Курской АЭС-2»;"Акционерное общество Инжиниринговая компания ""АСЭ""";16 881 884,05;29.05.2018;Опубликована;http://www.zakupki.rosatom.ru/1805170536754
180517/0643/055;Поставка стеллажных систем согласно заявке.;"Общество с ограниченной ответственностью ""Аргон""";258 184,00;23.05.2018;Опубликована;http://www.zakupki.rosatom.ru/1805170643055
180517/0536/751;Право заключения договора на лот № 12406/424 К2-1/З-18 «Поставка щитового оборудования и ПКУ для сооружения энергоблока №1 Курской АЭС-2»;"Акционерное общество Инжиниринговая компания ""АСЭ""";346 248,81;23.05.2018;Опубликована;http://www.zakupki.rosatom.ru/1805170536751
180517/0682/067;Право заключения договоров на Поставка легкового автомобиля Kia Optima или аналога (Обнинск), Поставка пассажирского микроавтобуса Ситроен Джампер (маршрутное такси) или аналога (Обнинск), Поставка автомобиля (фургон) для перевозки РФП Ситроен Джампер (цельнометаллический фургон) или аналога  (Обнинск);"Акционерное общество «Ордена Трудового Красного Знамени научно-исследовательский физико-химический институт имени Л.Я. Карпова»;";5 388 778,67;28.05.2018;Опубликована;http://www.zakupki.rosatom.ru/1805170682067
180514/0479/410;Поставка литых заготовок;"Федеральное государственное унитарное предприятие  ""Приборостроительный завод""";340 809,96;31.05.2018;Опубликована;http://www.zakupki.rosatom.ru/1805140479410
180514/0481/082;Поставка программного обеспечения;"Федеральное государственное унитарное предприятие Производственное объединение ""Север""";384 800,00;10.05.2018;Опубликована;http://www.zakupki.rosatom.ru/1805140481082
180511/6320/074;Поставка продукции: стерилизаторы воды;"Общество с ограниченной ответственностью ""Научно-производственное предприятие ""Инжект""";153 105,00;17.05.2018;Опубликована;http://www.zakupki.rosatom.ru/1805116320074
180514/0670/163;Право заключения договора на Поставка ламп и комплектующих изделий для светильников в соответствии со спецификацией;"Филиал ОАО ""Концерн Росэнергоатом"" ""Белоярская атомная станция""";7 449 211,68;24.05.2018;Опубликована;http://www.zakupki.rosatom.ru/1805140670163
180511/2426/039;Право заключения договора на Поставка плодоовощной продукции и грибов на второе полугодие 2018 года;"Общество с ограниченной ответственностью ""Волгодонская АЭС – Сервис""";1 973 083,85;изменена;Опубликована;http://www.zakupki.rosatom.ru/1805112426039
180511/0606/064;"Поставка расходных материалов и мерительного инструмента для Волгодонского филиала АО ""АТМ""";"Акционерное общество ""Атомтрубопроводмонтаж""";977 075,00;31.05.2018;Опубликована;http://www.zakupki.rosatom.ru/1805110606064
180511/0536/711;Право заключения договора на поставку товара по лоту № 12375/744 Блр1/ОКП-18 «Поставка агрометеорологического комплекса для открытой установки оборудования линий 330 кВ (00UAM) для сооружения энергоблока № 1 Белорусской АЭС»;"Акционерное общество Инжиниринговая компания ""АСЭ""";243 000,00;22.05.2018;Опубликована;http://www.zakupki.rosatom.ru/1805110536711
180511/3227/068;Право заключения договора на Поставка насосов газоохлаждения ТГ-3,4;"Акционерное общество ""Русатом Сервис""";9 636 191,79;24.05.2018;Опубликована;http://www.zakupki.rosatom.ru/1805113227068
180511/0595/105;Поставка канцелярских товаров и хозяйственных принадлежностей;"Акционерное общество ""ТВЭЛ-СТРОЙ""";136 800,00;21.05.2018;Опубликована;http://www.zakupki.rosatom.ru/1805110595105
180511/1590/054;Право заключения договора на Поставка  замороженных  и охлажденных мясных полуфабрикатов и субпродуктов для лечебно-профилактического питания;"Общество с ограниченной ответственностью ""Смоленская АЭС-Сервис""";9 999 105,36;22.05.2018;Опубликована;http://www.zakupki.rosatom.ru/1805111590054
180511/2686/027;Право заключения договора на Поставка средств личной гигиены;"Центральный филиал Акционерного общества ""Атомспецтранс""";302 959,37;изменена;Опубликована;http://www.zakupki.rosatom.ru/1805112686027
180511/0606/062;"Поставка токарных пластин для Волгодонского филиала АО ""АТМ""";"Акционерное общество ""Атомтрубопроводмонтаж""";703 285,00;31.05.2018;Опубликована;http://www.zakupki.rosatom.ru/1805110606062
180508/0601/320;Поставка механических частей ТКГ и гидротолкателей ТЭ;"Публичное акционерное общество ""Машиностроительный завод ""ЗиО-Подольск""";460 700,00;21.05.2018;Опубликована;http://www.zakupki.rosatom.ru/1805080601320
180511/63326/087;Право заключения договора на поставку средств вычислительной техники;"""Научно-исследовательский и конструкторский институт радиоэлектронной техники"" - филиал акционерного общества ""Федеральный научно-производственный центр ""Производственное объединение ""Старт"" им. М.В. Проценко""";528 639,75;17.05.2018;Опубликована;http://www.zakupki.rosatom.ru/18051163326087
180516/0524/111;поставка оборудования радиационного контроля для Смоленской АЭС;"Акционерное общество ""Специализированный научно-исследовательский институт приборостроения""";208 349 060,00;31.05.2018;Опубликована;http://www.zakupki.rosatom.ru/1805160524111
180511/2442/476;Право заключения договора на Поставка контакторов;"Акционерное общество ""Промышленные инновации"".";1 092 278,41;изменена;Опубликована;http://www.zakupki.rosatom.ru/1805112442476
180516/0534/251;"Право заключения договора на Поставка рефлектометра оптического для нужд Ростовского филиала ""Ростоватомтехэнерго"" АО ""Атомтехэнерго""";"Акционерное общество по наладке, совершенствованию эксплуатации и организации управления атомных станций ""Атомтехэнерго""";219 637,32;23.05.2018;Опубликована;http://www.zakupki.rosatom.ru/1805160534251
180511/0536/710;Право заключения договора на поставку товара по лоту № 12375/788-Блр1/К-18 «Поставка охлаждающей жидкости зданий 10UBN и 10UBS для сооружения энергоблока № 1 Белорусской АЭС»;"Акционерное общество Инжиниринговая компания ""АСЭ""";5 485 770,20;19.06.2018;Опубликована;http://www.zakupki.rosatom.ru/1805110536710
180516/0601/319;Поставка иглы индексной;"Публичное акционерное общество ""Машиностроительный завод ""ЗиО-Подольск""";438 370,94;07.05.2018;Опубликована;http://www.zakupki.rosatom.ru/1805160601319
180511/0505/184;Право заключения договора на  поставка гигротермодатчиков для климат-контроля  (907-O090-17/729);"Акционерное общество ""Уральский электрохимический комбинат""";465 554,07;изменена;Опубликована;http://www.zakupki.rosatom.ru/1805110505184
180516/0499/221;поставка трубы бесшовной горячедеформированной;"Акционерное общество ""Ордена Ленина Научно-исследовательский и конструкторский институт энерготехники имени Н.А. Доллежаля""";434 240,00;22.05.2018;Опубликована;http://www.zakupki.rosatom.ru/1805160499221
180511/0536/709;Право заключения договора на поставку товара по лоту № 12375/658 Блр2/П-18 «Поставка счетчиков-расходомеров для 21UQZ+24UQZ, 20URZ, 21URZ+28URZ, 21UBZ+24UBZ, 25UBZ, 20USZ, 20UJZ для сооружения энергоблока №2 Белорусской АЭС»;"Акционерное общество Инжиниринговая компания ""АСЭ""";4 800 572,00;22.05.2018;Опубликована;http://www.zakupki.rosatom.ru/1805110536709
180516/0697/100;907-U470-18/98 Поставка фторопластовых материалов;"Общество с ограниченной ответственностью ""Энергоремонт""";114 298,42;22.05.2018;Опубликована;http://www.zakupki.rosatom.ru/1805160697100
180511/0536/708;Право заключения договора на поставку товара по лоту №12375/ 843 Куд3/П-18 «Поставка вихревых консольных насосов для сооружения энергоблока №3 АЭС Куданкулам»;"Акционерное общество Инжиниринговая компания ""АСЭ""";2 006 000,00;22.05.2018;Опубликована;http://www.zakupki.rosatom.ru/1805110536708
180510/0601/318;Поставка ленты 12Х18Н10Т М-НТ-О-3-Г 0,5х20мм ГОСТ 4986-79 или эквивалент;"Публичное акционерное общество ""Машиностроительный завод ""ЗиО-Подольск""";874 032,00;21.05.2018;Опубликована;http://www.zakupki.rosatom.ru/1805100601318
180511/0536/707;Право заключения договора на поставку товара по лоту №12394/108 НВ-2-2/П-18 «Поставка клапанов запорных специальных для сооружения энергоблока №2 Нововоронежской АЭС-2»;"Акционерное общество Инжиниринговая компания ""АСЭ""";3 900 893,63;22.05.2018;Опубликована;http://www.zakupki.rosatom.ru/1805110536707
180516/0464/356;Поставка стальных шаровых кранов (Лот 8020-С);"Федеральное государственное унитарное предприятие ""Горно-химический комбинат""";411 112,00;31.05.2018;Опубликована;http://www.zakupki.rosatom.ru/1805160464356
180511/0536/706;Право заключения договора на поставку товара по лоту №12375/637 Блр1,2/П-17 «Поставка арматуры общепромышленной до DN 500 для сооружения энергоблоков №1,2 Белорусской АЭС»;"Акционерное общество Инжиниринговая компания ""АСЭ""";11 092 556,24;22.05.2018;Опубликована;http://www.zakupki.rosatom.ru/1805110536706
180516/1662/086;"Право заключения договора на Поставка нефтепродуктов с использованием смарт- карт для заправки транспорта ООО ""Белоярская АЭС-Авто"" в 2018-2019 г.г.";"Общество с ограниченной ответственностью ""Белоярская АЭС - Авто""";2 593 180,00;28.05.2018;Опубликована;http://www.zakupki.rosatom.ru/1805161662086
180511/0536/705;Право заключения договора на поставку товара по лоту №12375/ 842 Куд3,4/П-18 «Поставка арматуры общепромышленной для сооружения энергоблоков № 3,4 АЭС Куданкулам»;"Акционерное общество Инжиниринговая компания ""АСЭ""";66 945 422,03;22.05.2018;Опубликована;http://www.zakupki.rosatom.ru/1805110536705
180516/3243/081;Право заключения договора на Поставка низкорамного полуприцепа тяжеловоза;"Акционерное общество ""Трансэнерго""";2 414 000,00;23.05.2018;Опубликована;http://www.zakupki.rosatom.ru/1805163243081
180514/0604/159;"Поставка побудителей расхода ПР- 7КВ (либо аналог) для нужд АО""СвердНИИхиммаш""";"Акционерное общество ""Свердловский научно-исследовательский институт химического машиностроения""";143 384,16;18.05.2018;Опубликована;http://www.zakupki.rosatom.ru/1805140604159
180511/3243/080;Право заключения договора на Поставка бензина неэтилированного марки АИ-92-К5;"Акционерное общество ""Трансэнерго""";804 500,00;22.05.2018;Опубликована;http://www.zakupki.rosatom.ru/1805113243080
180510/0604/158;Поставка датчиков влажности Аквар 1108;"Акционерное общество ""Свердловский научно-исследовательский институт химического машиностроения""";763 000,00;25.05.2018;Опубликована;http://www.zakupki.rosatom.ru/1805100604158
180511/0536/703;Право заключения договора на поставку товара по лоту № 12375/645 Блр1/ОКП-18 «Поставка шкафов цепей догрузочных резисторов для сооружения энергоблока № 1 Белорусской АЭС»;"Акционерное общество Инжиниринговая компания ""АСЭ""";867 990,88;22.05.2018;Опубликована;http://www.zakupki.rosatom.ru/1805110536703
180516/0539/212;Право заключения договора на Поставка  компьютерного оборудования;"Акционерное общество ""Атомспецтранс""";149 660,00;21.05.2018;Опубликована;http://www.zakupki.rosatom.ru/1805160539212
180511/0536/702;Право заключения договора на поставку товара по лоту №12375/553 Блр1/ОКП-18 «Поставка лабораторного оборудования для здания АЛБК для сооружения энергоблока №1 Белорусской АЭС»;"Акционерное общество Инжиниринговая компания ""АСЭ""";633 907,80;22.05.2018;Опубликована;http://www.zakupki.rosatom.ru/1805110536702
180516/3227/070;"Право заключения договора на Поставка поковок 195-01-1318 и 195-01-1319 корпуса выемной части ГЦН-195
с механической обработкой и испытаниями из стали 08Х18Н10Т c ограничением содержания кобальта для АЭС в Чехии";"Акционерное общество ""Русатом Сервис""";12 473 229,33;28.05.2018;Опубликована;http://www.zakupki.rosatom.ru/1805163227070
180511/0512/010;Право заключения договора на Поставка специальной рабочей одежды;"Акционерное общество ""Научно-испытательный центр оборудования атомных электростанций""";188 379,79;изменена;Опубликована;http://www.zakupki.rosatom.ru/1805110512010
180515/0604/157;Поставка насосовХ, АХ, с комплектом ЗИП;"Акционерное общество ""Свердловский научно-исследовательский институт химического машиностроения""";2 482 614,00;31.05.2018;Опубликована;http://www.zakupki.rosatom.ru/1805150604157
180511/0536/701;Право заключения договора на лот №12375/659 Блр2/П-18  «Поставка преобразователей температуры и влажности (UKA, UKC) для сооружения энергоблока №2 Белорусской АЭС»;"Акционерное общество Инжиниринговая компания ""АСЭ""";1 468 274,00;22.05.2018;Опубликована;http://www.zakupki.rosatom.ru/1805110536701
180515/0499/220;изготовление и поставка деталей РБМ-К7 - болты, гайки, валики, оси и др.;"Акционерное общество ""Ордена Ленина Научно-исследовательский и конструкторский институт энерготехники имени Н.А. Доллежаля""";984 185,10;23.05.2018;Опубликована;http://www.zakupki.rosatom.ru/1805150499220
180511/0536/700;Право заключения договора на Поставка канцтоваров и офисных принадлежностей;"Акционерное общество Инжиниринговая компания ""АСЭ""";1 465 092,03;17.05.2018;Опубликована;http://www.zakupki.rosatom.ru/1805110536700
180511/0670/161;Право заключения договора на Поставка стульев стоматологических, ортопедических в соответствии со Спецификацией;"Филиал ОАО ""Концерн Росэнергоатом"" ""Белоярская атомная станция""";269 390,04;изменена;Опубликована;http://www.zakupki.rosatom.ru/1805110670161
180511/0513/683;Поставка труб, фитингов из полимерных материалов;"Акционерное общество ""Российский концерн по производству электрической и тепловой энергии на атомных станциях""";165 466,00;31.05.2018;Опубликована;http://www.zakupki.rosatom.ru/1805110513683
180516/0524/110;"Право заключения договора на поставка запасных частей и резервного оборудования для двигателей асинхронных двухскоростных на АЭС ""Бушер-1""";"Акционерное общество ""Специализированный научно-исследовательский институт приборостроения""";55 190 334,60;18.06.2018;Опубликована;http://www.zakupki.rosatom.ru/1805160524110
180515/0477/344;Поставка стеллажей стационарных передвижных с фальшполом;"Федеральное государственное унитарное предприятие ""Комбинат ""Электрохимприбор""";853 798,00;21.05.2018;Опубликована;http://www.zakupki.rosatom.ru/1805150477344
180516/0464/352;Поставка нестандартизированных запчастей транспортной системы (лот 8191-С);"Федеральное государственное унитарное предприятие ""Горно-химический комбинат""";639 891,59;25.05.2018;Опубликована;http://www.zakupki.rosatom.ru/1805160464352
180515/0499/219;изготовление и поставка тары и упаковки;"Акционерное общество ""Ордена Ленина Научно-исследовательский и конструкторский институт энерготехники имени Н.А. Доллежаля""";676 500,00;21.05.2018;Опубликована;http://www.zakupki.rosatom.ru/1805150499219
180516/0534/250;"Право заключения договора на Поставка средств измерений для нужд ЦТСО Нововоронежского филиала ""Нововоронежатомтехэнерго"" АО ""Атомтехэнерго""";"Акционерное общество по наладке, совершенствованию эксплуатации и организации управления атомных станций ""Атомтехэнерго""";237 619,07;24.05.2018;Опубликована;http://www.zakupki.rosatom.ru/1805160534250
180516/0479/434;Поставка измерительных приборов.;"Федеральное государственное унитарное предприятие  ""Приборостроительный завод""";111 930,00;01.06.2018;Опубликована;http://www.zakupki.rosatom.ru/1805160479434
180516/3549/024;Поставка электротехнических изделий;"Общество с ограниченной ответственностью ""Сервисный центр ""Прогресс""";558 104,85;24.05.2018;Опубликована;http://www.zakupki.rosatom.ru/1805163549024
180516/0527/077;Право заключения договора на Поставка расходных материалов для множительной и копировальной техники;"Акционерное общество ""Государственный специализированный проектный институт""";999 000,00;24.05.2018;Опубликована;http://www.zakupki.rosatom.ru/1805160527077
180516/0670/166;Право заключения договора на Поставка запасных частей к дизель генератору 19Д49 согласно спецификации и ТЗ;"Филиал ОАО ""Концерн Росэнергоатом"" ""Белоярская атомная станция""";9 184 972,62;28.05.2018;Опубликована;http://www.zakupki.rosatom.ru/1805160670166
180516/0479/433;Поставка анализатора жидкости кондуктометрического;"Федеральное государственное унитарное предприятие  ""Приборостроительный завод""";710 950,00;01.06.2018;Опубликована;http://www.zakupki.rosatom.ru/1805160479433
180416/0591/161;Поставка ЗИП для токопроводов;"Акционерное общество ""Атомстройэкспорт""";63 613 131,57;15.05.2018;Опубликована;http://www.zakupki.rosatom.ru/1804160591161
180516/0479/431;Поставка измерительных приборов;"Федеральное государственное унитарное предприятие  ""Приборостроительный завод""";313 599,99;01.06.2018;Опубликована;http://www.zakupki.rosatom.ru/1805160479431
180516/0477/342;Поставка регулятора давления;"Федеральное государственное унитарное предприятие ""Комбинат ""Электрохимприбор""";182 639,70;16.05.2018;Опубликована;http://www.zakupki.rosatom.ru/1805160477342
180516/0464/349;Право заключения договора на Поставка станочной специальной оснастки;"Федеральное государственное унитарное предприятие ""Горно-химический комбинат""";47 883 856,21;18.06.2018;Опубликована;http://www.zakupki.rosatom.ru/1805160464349
180517/2426/040;Поставка машин поломоечных аккумуляторных;"Общество с ограниченной ответственностью ""Волгодонская АЭС – Сервис""";501 470,19;21.05.2018;Опубликована;http://www.zakupki.rosatom.ru/1805172426040
180517/1590/057;Право заключения договора на Поставка спецодежды рабочей;"Общество с ограниченной ответственностью ""Смоленская АЭС-Сервис""";1 802 527,16;29.05.2018;Опубликована;http://www.zakupki.rosatom.ru/1805171590057
180516/0499/227;поставка металлических шкафов, верстаков, стеллажей;"Акционерное общество ""Ордена Ленина Научно-исследовательский и конструкторский институт энерготехники имени Н.А. Доллежаля""";110 120,00;25.05.2018;Опубликована;http://www.zakupki.rosatom.ru/1805160499227
180517/2756/095;Право заключения договора на Поставка пиломатериалов.;"Общество с ограниченной ответственностью ""КАЛИНИНСКАЯ АЭС-СЕРВИС""";150 000,00;23.05.2018;Опубликована;http://www.zakupki.rosatom.ru/1805172756095
180517/0642/217;Право заключения договора на Поставка заслонок и клапанов воздушных;"Филиал АО ""Концерн Росэнергоатом"" ""Кольская атомная станция""";3 075 552,00;01.06.2018;Опубликована;http://www.zakupki.rosatom.ru/1805170642217
180517/63212/496;Поставка бензина АИ-92;"Акционерное общество ""Федеральный научно-производственный центр ""Производственное объединение ""Старт"" имени М.В. Проценко""";855 000,00;05.06.2018;Опубликована;http://www.zakupki.rosatom.ru/18051763212496
180517/0467/485;Право заключения договора на Поставка первичных средств пожаротушения  согласно ТЗ;"Федеральное государственное унитарное предприятие ""Российский федеральный ядерный центр - Всероссийский научно-исследовательский институт экспериментальной физики""";471 956,38;23.05.2018;Опубликована;http://www.zakupki.rosatom.ru/1805170467485
180517/0467/483;"Поставка тепловой энергии для объекта ""Промплощадка 2""";"Федеральное государственное унитарное предприятие ""Российский федеральный ядерный центр - Всероссийский научно-исследовательский институт экспериментальной физики""";9 260 640,46;31.05.2018;Опубликована;http://www.zakupki.rosatom.ru/1805170467483
180514/0513/709;Ф07:  Поставка лекарственных средств и медицинских материалов;"Акционерное общество ""Российский концерн по производству электрической и тепловой энергии на атомных станциях""";844 463,76;31.05.2018;Опубликована;http://www.zakupki.rosatom.ru/1805140513709
180516/0712/071;Поставка роликов цилиндрических;"Акционерное общество ""НПК ""Химпроминжиниринг""";360 000,00;23.05.2018;Опубликована;http://www.zakupki.rosatom.ru/1805160712071
180517/0536/747;Право заключения договора на поставку товара по лоту №12375/565 Руп1/П-18 «Поставка грузоподъемных механизмов для сооружения энергоблока №1 АЭС «Руппур»;"Акционерное общество Инжиниринговая компания ""АСЭ""";913 500,00;29.05.2018;Опубликована;http://www.zakupki.rosatom.ru/1805170536747
180517/0514/117;Право заключения договора на 907-U020-17/942 Поставка баллонов для метилсилана с вентилями;"Акционерное общество ""Высокотехнологический научно-исследовательский институт неорганических материалов имени академика А.А. Бочвара""";532 770,00;24.05.2018;Опубликована;http://www.zakupki.rosatom.ru/1805170514117
180517/1051/145;Поставка фанеры 1500*1500*40, 1500*1500*24, для изготовления литейных моделей.;"Общество с ограниченной ответственностью ""Литейный завод ""Петрозаводскмаш""";995 600,00;23.05.2018;Опубликована;http://www.zakupki.rosatom.ru/1805171051145
180517/0536/744;Право заключения договора на поставку товара по лоту № 12375/751 Блр1/ОКП-18 «Поставка оборудования неразрушающего контроля для материального склада (00UST) для  сооружения энергоблока № 1 Белорусской АЭС»;"Акционерное общество Инжиниринговая компания ""АСЭ""";6 511 237,86;29.05.2018;Опубликована;http://www.zakupki.rosatom.ru/1805170536744
180516/0499/224;поставка комплекса лазерной сварки;"Акционерное общество ""Ордена Ленина Научно-исследовательский и конструкторский институт энерготехники имени Н.А. Доллежаля""";985 000,00;28.05.2018;Опубликована;http://www.zakupki.rosatom.ru/1805160499224
180517/0604/162;Поставка пневмооборудования SMC;"Акционерное общество ""Свердловский научно-исследовательский институт химического машиностроения""";12 933 397,08;30.05.2018;Опубликована;http://www.zakupki.rosatom.ru/1805170604162
180517/0610/310;Право заключения договора на Поставка запасных частей и материалов для гайковерта;"Филиал АО ""Концерн Росэнергоатом"" ""Ростовская атомная станция""";12 751 867,78;28.05.2018;Опубликована;http://www.zakupki.rosatom.ru/1805170610310
180517/0642/215;Право заключения договора на Поставка светильников светодиодных;"Филиал АО ""Концерн Росэнергоатом"" ""Кольская атомная станция""";1 237 032,84;25.05.2018;Опубликована;http://www.zakupki.rosatom.ru/1805170642215
180517/0643/054;Право заключения договора на Поставка компрессора воздушно винтового согласно технического задания.;"Общество с ограниченной ответственностью ""Аргон""";2 181 183,22;29.05.2018;Опубликована;http://www.zakupki.rosatom.ru/1805170643054
180517/0479/441;Поставка источников бесперебойного питания;"Федеральное государственное унитарное предприятие  ""Приборостроительный завод""";338 695,81;01.06.2018;Опубликована;http://www.zakupki.rosatom.ru/1805170479441
180517/0500/080;Поставка печи муфельной;"Акционерное общество ""Институт реакторных материалов""";369 930,00;31.05.2018;Опубликована;http://www.zakupki.rosatom.ru/1805170500080
180517/0514/116;Право заключения договора на 907-U020-17/950 поставка Прекурсора волокон поликарбосилана;"Акционерное общество ""Высокотехнологический научно-исследовательский институт неорганических материалов имени академика А.А. Бочвара""";332 695,10;24.05.2018;Опубликована;http://www.zakupki.rosatom.ru/1805170514116
180517/2442/504;Право заключения договоров на поставка режущего инструмента и инструментальной оснастки;"Акционерное общество ""Промышленные инновации"".";5 196 309,72;23.05.2018;Опубликована;http://www.zakupki.rosatom.ru/1805172442504
180517/0604/161;"Поставка клапана У26166-006 (либо аналог) для нужд АО ""СвердНИИхиммаш""";"Акционерное общество ""Свердловский научно-исследовательский институт химического машиностроения""";212 800,00;30.05.2018;Опубликована;http://www.zakupki.rosatom.ru/1805170604161
180517/3243/083;Право заключения договора на Поставка автогидроподъемника на базе а/м ГАЗ вездеход;"Акционерное общество ""Трансэнерго""";4 615 500,00;24.05.2018;Опубликована;http://www.zakupki.rosatom.ru/1805173243083
180517/0479/440;Поставка надфилей;"Федеральное государственное унитарное предприятие  ""Приборостроительный завод""";994 445,76;23.05.2018;Опубликована;http://www.zakupki.rosatom.ru/1805170479440
180517/0642/213;Право заключения договора на Поставка ограждения генераторных выключателей;"Филиал АО ""Концерн Росэнергоатом"" ""Кольская атомная станция""";760 155,99;01.06.2018;Опубликована;http://www.zakupki.rosatom.ru/1805170642213
180517/0514/115;Право заключения договора на 907-U020-18/21 поставка ICP стандартов;"Акционерное общество ""Высокотехнологический научно-исследовательский институт неорганических материалов имени академика А.А. Бочвара""";975 869,85;24.05.2018;Опубликована;http://www.zakupki.rosatom.ru/1805170514115
180517/0642/211;Право заключения договора на Поставка дроби стальной колотой;"Филиал АО ""Концерн Росэнергоатом"" ""Кольская атомная станция""";562 506,00;25.05.2018;Опубликована;http://www.zakupki.rosatom.ru/1805170642211
180517/0512/011;"Право заключения договора на Поставка средств измерений избыточного давления для нужд АО ""НИЦ АЭС""";"Акционерное общество ""Научно-испытательный центр оборудования атомных электростанций""";201 362,59;28.05.2018;Опубликована;http://www.zakupki.rosatom.ru/1805170512011
180516/0477/341;Поставка светотехники;"Федеральное государственное унитарное предприятие ""Комбинат ""Электрохимприбор""";989 498,60;16.05.2018;Опубликована;http://www.zakupki.rosatom.ru/1805160477341
180516/0479/430;Поставка литых заготовок.;"Федеральное государственное унитарное предприятие  ""Приборостроительный завод""";529 751,56;31.05.2018;Опубликована;http://www.zakupki.rosatom.ru/1805160479430
180516/0477/340;Поставка кислот;"Федеральное государственное унитарное предприятие ""Комбинат ""Электрохимприбор""";881 637,00;10.05.2018;Опубликована;http://www.zakupki.rosatom.ru/1805160477340
180504/0506/221;907-O070-18/439 Поставка плакатоа по охране труда;"Акционерное общество ""Сибирский химический комбинат""";178 848,30;20.07.2018;Опубликована;http://www.zakupki.rosatom.ru/1805040506221
180515/0527/076;Право заключения договора на Поставка многофункциональных устройств (МФУ);"Акционерное общество ""Государственный специализированный проектный институт""";720 000,00;23.05.2018;Опубликована;http://www.zakupki.rosatom.ru/1805150527076
180515/0536/728;Право заключения договора на поставку товара по лоту №12375/855 Куд3,4/П-18 «Поставка клапанов до DN 150 для сооружения энергоблоков №3,4 АЭС «Куданкулам»;"Акционерное общество Инжиниринговая компания ""АСЭ""";98 731 173,31;29.05.2018;Опубликована;http://www.zakupki.rosatom.ru/1805150536728
180425/0540/077;Поставка дисков И99.9 2,70х0,15 СТО 00195200-062-2012;"Акционерное общество ""Всерегиональное объединение ""Изотоп""";2 438 522,17;27.04.2018;Опубликована;http://www.zakupki.rosatom.ru/1804250540077
180515/38236/088;Право заключения договора на поставка учебной и офисной мебели для нужд Санкт-Петербургского филиала;"Автономная некоммерческая организация дополнительного профессионального образования ""Техническая академия Росатома""";200 097,90;21.05.2018;Опубликована;http://www.zakupki.rosatom.ru/18051538236088
180514/0503/270;Поставка арматуры, систем важных для безопасности для универсального атомного ледокола проекта 22220 зав. № 05706;"Акционерное общество ""Опытное Конструкторское Бюро Машиностроения имени И.И. Африкантова""";24 747 679,80;28.04.2018;Опубликована;http://www.zakupki.rosatom.ru/1805140503270
180515/0601/314;Поставка асфальтобетонной мелкозернистой смеси типа Б марки II;"Публичное акционерное общество ""Машиностроительный завод ""ЗиО-Подольск""";780 000,00;14.05.2018;Опубликована;http://www.zakupki.rosatom.ru/1805150601314
180515/0595/107;Поставка спирального барьера безопасности АКЛ 900;"Акционерное общество ""ТВЭЛ-СТРОЙ""";370 850,00;25.05.2018;Опубликована;http://www.zakupki.rosatom.ru/1805150595107
180515/0610/306;Право заключения договора на поставку труб из углеродистой стали;"Филиал АО ""Концерн Росэнергоатом"" ""Ростовская атомная станция""";671 378,46;21.05.2018;Опубликована;http://www.zakupki.rosatom.ru/1805150610306
180515/2686/029;Право заключения договора на Поставка материалов верхнего строения пути;"Центральный филиал Акционерного общества ""Атомспецтранс""";652 813,60;21.05.2018;Опубликована;http://www.zakupki.rosatom.ru/1805152686029
180515/0536/726;Право заключения договора на поставку товара по лоту № 12375/840 Блр1,2/ОКП-18 «Поставка электронасосных агрегатов самовсасывающих для сооружения энергоблоков №  1, 2 Белорусской АЭС»;"Акционерное общество Инжиниринговая компания ""АСЭ""";451 996,64;29.05.2018;Опубликована;http://www.zakupki.rosatom.ru/1805150536726
180515/0505/190;Право заключения договора на  поставка разъединителей и ограничителей (907-O090-17/848);"Акционерное общество ""Уральский электрохимический комбинат""";1 962 998,44;21.05.2018;Опубликована;http://www.zakupki.rosatom.ru/1805150505190
180515/6422/008;поставка СИЗ (обувь);"Общество с ограниченной ответственностью ""Атоммаш-Сервис""";276 612,95;21.05.2018;Опубликована;http://www.zakupki.rosatom.ru/1805156422008
180515/1590/055;Право заключения договора на Поставка аккумуляторов для погрузчика электрического HANGCHA CPD20J(D1F);"Общество с ограниченной ответственностью ""Смоленская АЭС-Сервис""";333 088,44;22.05.2018;Опубликована;http://www.zakupki.rosatom.ru/1805151590055
180515/0664/105;Право заключения договора на Поставка труб для неснижаемого запаса;"Филиал АО ""Концерн Росэнергоатом"" ""Билибинская атомная станция""";1 271 355,60;21.05.2018;Опубликована;http://www.zakupki.rosatom.ru/1805150664105
180515/0467/477;Право заключения договора на Поставка ткани согласно ТЗ;"Федеральное государственное унитарное предприятие ""Российский федеральный ядерный центр - Всероссийский научно-исследовательский институт экспериментальной физики""";1 793 008,56;22.05.2018;Опубликована;http://www.zakupki.rosatom.ru/1805150467477
180515/0505/188;Право заключения договора на  поставка  респираторов Лепесток 100-2В «Лепесток-200 Е»  или эквивалент (907-O090-18/217);"Акционерное общество ""Уральский электрохимический комбинат""";2 020 604,47;21.05.2018;Опубликована;http://www.zakupki.rosatom.ru/1805150505188
180515/0643/052;"Право заключения договора на Поставка пирометров ""ТЕРМОКОНТ-ТЦЗС1"" согласно технического задания  (или эквивалент).";"Общество с ограниченной ответственностью ""Аргон""";2 695 036,00;28.05.2018;Опубликована;http://www.zakupki.rosatom.ru/1805150643052
180515/1051/140;Поставка пенополистирола ПСБ-50Л для изготовления форм;"Общество с ограниченной ответственностью ""Литейный завод ""Петрозаводскмаш""";291 384,00;21.05.2018;Опубликована;http://www.zakupki.rosatom.ru/1805151051140
180515/1201/013;Поставка дозиметров-радиометров МКС-АТ1125А, МКС-АТ1117М;"Акционерное общество ""Изотоп""";439 987,28;18.05.2018;Опубликована;http://www.zakupki.rosatom.ru/1805151201013
180515/0467/476;Право заключения договора на Поставка посуды и кухонного инвентаря согласно ТЗ;"Федеральное государственное унитарное предприятие ""Российский федеральный ядерный центр - Всероссийский научно-исследовательский институт экспериментальной физики""";3 929 737,29;21.05.2018;Опубликована;http://www.zakupki.rosatom.ru/1805150467476
180515/0500/078;Право заключения договора на Поставка детекторов ионизирующих излучений;"Акционерное общество ""Институт реакторных материалов""";546 606,68;25.05.2018;Опубликована;http://www.zakupki.rosatom.ru/1805150500078
180515/0480/276;Поставка картриджей для принтера М-1;"Федеральное государственное унитарное предприятие ""Уральский электромеханический завод""";447 938,40;22.05.2018;Опубликована;http://www.zakupki.rosatom.ru/1805150480276
180515/6320/078;Поставка продукции: Хозяйственные и санитарно-гигиенические, туалетные принадлежности;"Общество с ограниченной ответственностью ""Научно-производственное предприятие ""Инжект""";790 379,85;21.05.2018;Опубликована;http://www.zakupki.rosatom.ru/1805156320078
180515/0477/339;Поставка листов из нержавеющего сплава;"Федеральное государственное унитарное предприятие ""Комбинат ""Электрохимприбор""";768 587,40;10.05.2018;Опубликована;http://www.zakupki.rosatom.ru/1805150477339
180515/0511/066;Изготовление и поставка источников ионизирующего излучения;"Акционерное общество ""Санкт-Петербургский ""ИЗОТОП""";1 381 765,00;21.05.2018;Опубликована;http://www.zakupki.rosatom.ru/1805150511066
180515/0467/475;Право заключения договора на Поставка средств печати и сканирования  согласно ТЗ;"Федеральное государственное унитарное предприятие ""Российский федеральный ядерный центр - Всероссийский научно-исследовательский институт экспериментальной физики""";2 049 655,85;21.05.2018;Опубликована;http://www.zakupki.rosatom.ru/1805150467475
180517/1051/144;Поставка пиломатериалов: брус 100*100*6000;"Общество с ограниченной ответственностью ""Литейный завод ""Петрозаводскмаш""";950 000,00;23.05.2018;Опубликована;http://www.zakupki.rosatom.ru/1805171051144
180517/0467/479;Право заключения договора на Поставка спецодежды для защиты от пониженных температур согласно ТЗ;"Федеральное государственное унитарное предприятие ""Российский федеральный ядерный центр - Всероссийский научно-исследовательский институт экспериментальной физики""";897 843,88;24.05.2018;Опубликована;http://www.zakupki.rosatom.ru/1805170467479
180517/0458/084;Право заключения договора на поставку охранных извещателей.;"Акционерное общество ""Государственный научный центр Российской Федерации - Физико-энергетический институт имени А.И. Лейпунского""";2 323 933,04;23.05.2018;Опубликована;http://www.zakupki.rosatom.ru/1805170458084
180517/0479/439;Поставка средств вычислительной техники;"Федеральное государственное унитарное предприятие  ""Приборостроительный завод""";719 758,00;01.06.2018;Опубликована;http://www.zakupki.rosatom.ru/1805170479439
180517/0479/438;Поставка комплекта механического оборудования для общепита;"Федеральное государственное унитарное предприятие  ""Приборостроительный завод""";638 670,00;01.06.2018;Опубликована;http://www.zakupki.rosatom.ru/1805170479438
180517/1551/089;Право заключения договора на Поставка бытовой и промышленной химии;"Общество с ограниченной ответственностью ""Нововоронежская АЭС-Авто""";4 343 294,19;28.05.2018;Опубликована;http://www.zakupki.rosatom.ru/1805171551089
180517/1498/081;"Право заключения договора на Поставка запасных частей и расходных материалов для автомобилей VOLKSWAGEN 7HC CARAVELLE, HYUNDAI SANTA FE,  TOYOTA VENZA, VOLKSWAGEN 7HC TRANSPORTER, VOLKSWAGEN 7HC MULTIVAN,  TOYOTA HIGHLANDER,  
LEXUS LX570";"Общество с ограниченной ответственностью ""Ленинградская АЭС-Авто""";659 183,73;23.05.2018;Опубликована;http://www.zakupki.rosatom.ru/1805171498081
180517/1498/080;Право заключения договора на Поставка компримированного природного газа;"Общество с ограниченной ответственностью ""Ленинградская АЭС-Авто""";5 249 820,00;23.05.2018;Опубликована;http://www.zakupki.rosatom.ru/1805171498080
180517/1662/088;Право заключения договора на Поставка продукционных кормов для рыб в соответствии со спецификацией;"Общество с ограниченной ответственностью ""Белоярская АЭС - Авто""";9 024 091,14;23.05.2018;Опубликована;http://www.zakupki.rosatom.ru/1805171662088
180517/4465/231;"Право заключения договора на строительные материалы. Поставка кирпича (для нужд Филиала АО ""ОТЭК"" в г. Новоуральске)";"Открытое акционерное общество ""Объединённая теплоэнергетическая компания""";508 152,90;24.05.2018;Опубликована;http://www.zakupki.rosatom.ru/1805174465231
180516/0513/706;Поставка ЗИП для ИПК NP.002 согласно спецификации;"Акционерное общество ""Российский концерн по производству электрической и тепловой энергии на атомных станциях""";2 342 329,50;30.05.2018;Опубликована;http://www.zakupki.rosatom.ru/1805160513706
180510/0604/160;Поставка датчиков расхода;"Акционерное общество ""Свердловский научно-исследовательский институт химического машиностроения""";2 313 154,00;11.05.2018;Опубликована;http://www.zakupki.rosatom.ru/1805100604160
180515/0464/361;Поставка трансформаторов (лот 8113-С);"Федеральное государственное унитарное предприятие ""Горно-химический комбинат""";694 750,00;20.04.2018;Опубликована;http://www.zakupki.rosatom.ru/1805150464361
180516/0464/359;Поставка измерителей скорости счета (лот 4636);"Федеральное государственное унитарное предприятие ""Горно-химический комбинат""";505 000,65;31.05.2018;Опубликована;http://www.zakupki.rosatom.ru/1805160464359
180516/0655/060;Право заключения договора на поставка резинокордовых компенсаторов для трубопроводов здания турбины (20UMA) блока №2 Белорусской  АЭС в соответствии с заказной спецификацией;"Общество с ограниченной ответственностью ""Волгодонское Монтажное Управление""";40 160 729,20;30.05.2018;Опубликована;http://www.zakupki.rosatom.ru/1805160655060
180516/4099/060;поставка хлора жидкого  в баллонах;"Общество с ограниченной ответственностью ""НИИАР-ГЕНЕРАЦИЯ""";155 760,00;22.05.2018;Опубликована;http://www.zakupki.rosatom.ru/1805164099060
180516/0536/738;Право заключения договора на Поставка питьевой негазированной воды и оборудования к ней;"Акционерное общество Инжиниринговая компания ""АСЭ""";500 215,32;28.05.2018;Опубликована;http://www.zakupki.rosatom.ru/1805160536738
180516/0536/737;Право заключения договора на поставку товара по лоту №12375/860 Куд3,4/П-18 «Поставка затворов до DN400 для сооружения энергоблоков № 3,4 АЭС Куданкулам»;"Акционерное общество Инжиниринговая компания ""АСЭ""";21 158 816,00;29.05.2018;Опубликована;http://www.zakupki.rosatom.ru/1805160536737
180516/0536/736;Право заключения договора на поставку товара по лоту №12375/602 БЛР2-18 «Поставка оборудования обнаружения (извещатели, детекторы, газоанализатор) зданий 21UQC,22UQC, основных и вспомогательных зданий и сооружений системы физической защиты АЭС для сооружения энергоблока №2 Белорусской АЭС».;"Акционерное общество Инжиниринговая компания ""АСЭ""";11 031 951,48;19.06.2018;Опубликована;http://www.zakupki.rosatom.ru/1805160536736
180516/0536/735;Право заключения договора на поставку товара по лоту №12375/830 БЛР2-18 «Поставка калибраторов для здания 20UCB энергоблока №2 Белорусской АЭС»;"Акционерное общество Инжиниринговая компания ""АСЭ""";1 617 402,40;19.06.2018;Опубликована;http://www.zakupki.rosatom.ru/1805160536735
180516/1590/056;Право заключения договора на Поставка страховочных средств при работе на высоте;"Общество с ограниченной ответственностью ""Смоленская АЭС-Сервис""";765 289,02;22.05.2018;Опубликована;http://www.zakupki.rosatom.ru/1805161590056
180428/0458/083;Поставка больших сервисных комплектов для форвакуумного насоса;"Акционерное общество ""Государственный научный центр Российской Федерации - Физико-энергетический институт имени А.И. Лейпунского""";466 395,00;14.05.2018;Опубликована;http://www.zakupki.rosatom.ru/1804280458083
180516/2442/498;Право заключения договора на поставка лабораторного оборудования;"Акционерное общество ""Промышленные инновации"".";12 195 445,69;28.05.2018;Опубликована;http://www.zakupki.rosatom.ru/1805162442498
180516/0467/478;Право заключения договора на Поставка полиэтиленовой продукции согласно ТЗ;"Федеральное государственное унитарное предприятие ""Российский федеральный ядерный центр - Всероссийский научно-исследовательский институт экспериментальной физики""";167 477,30;23.05.2018;Опубликована;http://www.zakupki.rosatom.ru/1805160467478
180516/1662/087;Право заключения договора на Поставка рыбы и морепродуктов глубокой заморозки;"Общество с ограниченной ответственностью ""Белоярская АЭС - Авто""";980 805,98;22.05.2018;Опубликована;http://www.zakupki.rosatom.ru/1805161662087
180516/6320/080;Поставка продукции: системный блок, сетевой фильтр, кабель;"Общество с ограниченной ответственностью ""Научно-производственное предприятие ""Инжект""";967 805,16;22.05.2018;Опубликована;http://www.zakupki.rosatom.ru/1805166320080
180516/38236/089;Право заключения договора на Поставка корпусной мебели для корпоративной гостиничной сети;"Автономная некоммерческая организация дополнительного профессионального образования ""Техническая академия Росатома""";1 410 538,00;22.05.2018;Опубликована;http://www.zakupki.rosatom.ru/18051638236089
180516/3243/082;Поставка дизельного топлива ЕВРО,летнее ,сорта С , экологического класса К5 (ДТ-ЛК5);"Акционерное общество ""Трансэнерго""";3 114 000,00;22.05.2018;Опубликована;http://www.zakupki.rosatom.ru/1805163243082
180516/1051/143;Поставка феррохрома ФХ100А для производства отливок из чугуна ИЧХ ГОСТ 546-2001;"Общество с ограниченной ответственностью ""Литейный завод ""Петрозаводскмаш""";847 709,64;22.05.2018;Опубликована;http://www.zakupki.rosatom.ru/1805161051143
180516/0655/059;Право заключения договора на поставка труб для изготовления трубопроводов здания турбинного отделения (20UMA) энергоблока №2 Белорусской АЭС в соответствии с заказной спецификацией №Т.2-2018;"Общество с ограниченной ответственностью ""Волгодонское Монтажное Управление""";24 121 898,56;30.05.2018;Опубликована;http://www.zakupki.rosatom.ru/1805160655059
180426/0536/718;Поставка автомобильных шин;"Акционерное общество Инжиниринговая компания ""АСЭ""";499 926,00;04.06.2018;Опубликована;http://www.zakupki.rosatom.ru/1804260536718
180514/4465/225;"Право заключения договора на трубы. Поставка фасонных частей и деталей трубопровода  (для нужд Филиала АО ""ОТЭК"" в г. Новоуральске)";"Открытое акционерное общество ""Объединённая теплоэнергетическая компания""";94 038,92;21.05.2018;Опубликована;http://www.zakupki.rosatom.ru/1805144465225
180514/0669/045;"Право заключения договора на Поставка запасных частей для автомобилей марки Hyundai  для АО ""АТА"" г. Москва";"Акционерное общество ""Альянстрансатом""";1 000 000,00;изменена;Опубликована;http://www.zakupki.rosatom.ru/1805140669045
180514/0594/118;Поставка анодов;"Акционерное общество ""Инжиниринговая компания ""АЭМ-технологии""";428 340,00;18.05.2018;Опубликована;http://www.zakupki.rosatom.ru/1805140594118
180208/0536/717;"Изготовление и поставка элементов оформления входных групп корпоративной символикой, продукция с корпоративной символикой АО ИК ""АСЭ"".";"Акционерное общество Инжиниринговая компания ""АСЭ""";299 950,00;12.02.2018;Опубликована;http://www.zakupki.rosatom.ru/1802080536717
180514/0514/111;Право заключения договора на 907-U020-17/964 Поставка комплектов АРМ-1-СДИ-0,06-н.п.-кл-1кам-пк (или аналога), АРМ-5-СДИ-0,06-н.п.-кл-1кам-п (или аналог;"Акционерное общество ""Высокотехнологический научно-исследовательский институт неорганических материалов имени академика А.А. Бочвара""";683 321,20;22.05.2018;Опубликована;http://www.zakupki.rosatom.ru/1805140514111
180514/0524/108;"Право заключения договора на изготовление и поставка резервного оборудования для ЗИП АЭС  ""Бушер-1""";"Акционерное общество ""Специализированный научно-исследовательский институт приборостроения""";3 049 041,94;21.05.2018;Опубликована;http://www.zakupki.rosatom.ru/1805140524108
180514/0539/202;Теплоснабжение и поставка горячей воды (г. Лесной).;"Акционерное общество ""Атомспецтранс""";2 118 406,62;18.05.2018;Опубликована;http://www.zakupki.rosatom.ru/1805140539202
180514/0477/338;Поставка металлодетекторов;"Федеральное государственное унитарное предприятие ""Комбинат ""Электрохимприбор""";320 000,00;11.05.2018;Опубликована;http://www.zakupki.rosatom.ru/1805140477338
180514/6320/077;"Изготовление и поставка продукции: 
Пластина контактная (заготовка) 41131.108";"Общество с ограниченной ответственностью ""Научно-производственное предприятие ""Инжект""";115 864,20;18.05.2018;Опубликована;http://www.zakupki.rosatom.ru/1805146320077
180514/0604/153;"Право заключения договора на Изготовление  и поставка выпарного оборудования для энергоблоков № 3 и № 4 АЭС Куданкулам для нужд АО ""СвердНИИхиммаш""";"Акционерное общество ""Свердловский научно-исследовательский институт химического машиностроения""";86 285 942,40;28.05.2018;Опубликована;http://www.zakupki.rosatom.ru/1805140604153
180514/6320/076;Поставка продукции: спирт этиловый ректификованный высшей очистки из пищевого сырья ГОСТ 5962-2013;"Общество с ограниченной ответственностью ""Научно-производственное предприятие ""Инжект""";236 110,00;18.05.2018;Опубликована;http://www.zakupki.rosatom.ru/1805146320076
180514/0459/128;Право заключения договора на поставка смеси порошковых материалов;"Акционерное общество ""НИИЭФА им. Д.В. Ефремова""";1 351 000,00;21.05.2018;Опубликована;http://www.zakupki.rosatom.ru/1805140459128
180514/0697/098;907-U470-18/120 Поставка провода МГ240 и миниконтактора АВВ;"Общество с ограниченной ответственностью ""Энергоремонт""";116 492,88;18.05.2018;Опубликована;http://www.zakupki.rosatom.ru/1805140697098
180510/6320/075;Поставка продукции: Дизельное топливо;"Общество с ограниченной ответственностью ""Научно-производственное предприятие ""Инжект""";899 990,78;16.05.2018;Опубликована;http://www.zakupki.rosatom.ru/1805106320075
180515/0480/274;Поставка Phoenix Contact;"Федеральное государственное унитарное предприятие ""Уральский электромеханический завод""";711 844,31;22.05.2018;Опубликована;http://www.zakupki.rosatom.ru/1805150480274
180514/0642/206;Право заключения договора на Поставка трансформаторов тока;"Филиал АО ""Концерн Росэнергоатом"" ""Кольская атомная станция""";485 958,00;25.05.2018;Опубликована;http://www.zakupki.rosatom.ru/1805140642206
180503/0638/131;"Поставка канцелярских товаров для нужд филиала АО ""Гринатом"" в г. Нижнем Новгороде";"Акционерное Общество ""Гринатом""";481 539,71;21.05.2018;Опубликована;http://www.zakupki.rosatom.ru/1805030638131
180514/0524/107;поставка блока формирования БФА-09Р;"Акционерное общество ""Специализированный научно-исследовательский институт приборостроения""";348 100,00;31.05.2018;Опубликована;http://www.zakupki.rosatom.ru/1805140524107
180515/0539/210;Право заключения договора на Поставку смывающих, обезвреживающих средств и средств дезинфекции.;"Акционерное общество ""Атомспецтранс""";566 053,45;22.05.2018;Опубликована;http://www.zakupki.rosatom.ru/1805150539210
180514/0615/413;Право заключения договора на Поставка сценического оборудования;"Филиал АО ""Концерн Росэнергоатом"" ""Калининская атомная станция""";4 204 444,66;21.05.2018;Опубликована;http://www.zakupki.rosatom.ru/1805140615413
180515/0480/272;Поставка комплектующих Phoenix Contact;"Федеральное государственное унитарное предприятие ""Уральский электромеханический завод""";975 807,49;22.05.2018;Опубликована;http://www.zakupki.rosatom.ru/1805150480272
180514/0664/103;Право заключения договора на Поставка манометров на Билибинскую АЭС;"Филиал АО ""Концерн Росэнергоатом"" ""Билибинская атомная станция""";230 423,66;22.05.2018;Опубликована;http://www.zakupki.rosatom.ru/1805140664103
180515/0479/426;поставка стали 02Н18К9М5Т;"Федеральное государственное унитарное предприятие  ""Приборостроительный завод""";3 849 750,00;21.05.2018;Опубликована;http://www.zakupki.rosatom.ru/1805150479426
180514/0500/074;Право заключения договора на Поставка средств индивидуальной защиты;"Акционерное общество ""Институт реакторных материалов""";548 160,66;21.05.2018;Опубликована;http://www.zakupki.rosatom.ru/1805140500074
180515/0500/077;Право заключения договора на Поставка специальной обуви;"Акционерное общество ""Институт реакторных материалов""";746 916,81;21.05.2018;Опубликована;http://www.zakupki.rosatom.ru/1805150500077
180514/0670/164;Право заключения договора на Поставка технических газов согласно спецификации;"Филиал ОАО ""Концерн Росэнергоатом"" ""Белоярская атомная станция""";2 660 029,87;21.05.2018;Опубликована;http://www.zakupki.rosatom.ru/1805140670164
180515/0606/065;"Поставка продуктов питания для АО ""АТМ""";"Акционерное общество ""Атомтрубопроводмонтаж""";343 276,00;31.05.2018;Опубликована;http://www.zakupki.rosatom.ru/1805150606065
180514/0527/075;"Право заключения договора на Поставка измерителя длины свай ""ИДС-1"" или аналог";"Акционерное общество ""Государственный специализированный проектный институт""";215 370,67;22.05.2018;Опубликована;http://www.zakupki.rosatom.ru/1805140527075
180515/4465/229;"Право заключения договора на КИПиА. Поставка манометров (для нужд Филиала АО ""ОТЭК"" в г. Новоуральске)";"Открытое акционерное общество ""Объединённая теплоэнергетическая компания""";165 100,19;23.05.2018;Опубликована;http://www.zakupki.rosatom.ru/1805154465229
180514/0664/102;Право заключения договора на Поставка тканевых изделий;"Филиал АО ""Концерн Росэнергоатом"" ""Билибинская атомная станция""";1 093 539,51;21.05.2018;Опубликована;http://www.zakupki.rosatom.ru/1805140664102
180515/0697/099;907-U470-18/105 Поставка электротехнической продукции;"Общество с ограниченной ответственностью ""Энергоремонт""";193 869,30;21.05.2018;Опубликована;http://www.zakupki.rosatom.ru/1805150697099
180514/0477/334;Поставка пожарных извещателей;"Федеральное государственное унитарное предприятие ""Комбинат ""Электрохимприбор""";993 740,18;14.05.2018;Опубликована;http://www.zakupki.rosatom.ru/1805140477334
180515/0479/424;поставка мебели для базы отдыха;"Федеральное государственное унитарное предприятие  ""Приборостроительный завод""";543 200,00;21.05.2018;Опубликована;http://www.zakupki.rosatom.ru/1805150479424
180514/0500/072;Право заключения договора на Поставка бумаги для офисной техники;"Акционерное общество ""Институт реакторных материалов""";524 975,34;21.05.2018;Опубликована;http://www.zakupki.rosatom.ru/1805140500072
180515/0479/423;Поставка штампованных заготовок;"Федеральное государственное унитарное предприятие  ""Приборостроительный завод""";460 200,00;31.05.2018;Опубликована;http://www.zakupki.rosatom.ru/1805150479423
180515/0524/109;"поставка модуля отбора и разбавления проб системы аварийного и поставарийного пробоотбора теплоносителя реактора ВВЭР-1000 для филиала АО ""Концерн Росэнергоатом"" ""Балаковская атомная станция""";"Акционерное общество ""Специализированный научно-исследовательский институт приборостроения""";47 050 000,00;31.05.2018;Опубликована;http://www.zakupki.rosatom.ru/1805150524109
180514/0524/105;Право заключения договора на изготовление и поставка запасных частей и комплектующих для термопреобразователей сопротивления АЭС «Бушер-1»;"Акционерное общество ""Специализированный научно-исследовательский институт приборостроения""";49 860 160,56;14.06.2018;Опубликована;http://www.zakupki.rosatom.ru/1805140524105
180427/0458/080;Поставка топлива АИ-92 и ДТ.;"Акционерное общество ""Государственный научный центр Российской Федерации - Физико-энергетический институт имени А.И. Лейпунского""";460 250,00;27.04.2018;Опубликована;http://www.zakupki.rosatom.ru/1804270458080
180514/0479/414;поставка ленточных пил;"Федеральное государственное унитарное предприятие  ""Приборостроительный завод""";799 910,51;18.05.2018;Опубликована;http://www.zakupki.rosatom.ru/1805140479414
180515/0479/422;Поставка модулей питания РН300А280-48;"Федеральное государственное унитарное предприятие  ""Приборостроительный завод""";162 164,16;31.05.2018;Опубликована;http://www.zakupki.rosatom.ru/1805150479422
180514/0479/412;Поставка соединителей РП, СНП346, СНП347;"Федеральное государственное унитарное предприятие  ""Приборостроительный завод""";1 000 000,00;07.05.2018;Опубликована;http://www.zakupki.rosatom.ru/1805140479412
180515/0479/421;поставка жалюзи вертикальных тканевых;"Федеральное государственное унитарное предприятие  ""Приборостроительный завод""";692 070,00;21.05.2018;Опубликована;http://www.zakupki.rosatom.ru/1805150479421
180514/0513/689;"Право заключения договора на Поставка оборудования Schneider Electric для создания инженерной инфраструктуры модуля ОЦОД АО ""Концерн Росэнергоатом""";"Акционерное общество ""Российский концерн по производству электрической и тепловой энергии на атомных станциях""";2 133 378,17;04.06.2018;Опубликована;http://www.zakupki.rosatom.ru/1805140513689
180507/0502/199;Поставка прокладок  ПГФ;"Акционерное общество ""Центральное конструкторское бюро машиностроения""";402 870,88;21.05.2018;Опубликована;http://www.zakupki.rosatom.ru/1805070502199
180514/1051/137;Поставка спирта изопропилового;"Общество с ограниченной ответственностью ""Литейный завод ""Петрозаводскмаш""";160 000,00;18.05.2018;Опубликована;http://www.zakupki.rosatom.ru/1805141051137
180515/1051/139;Поставка лака ВЛ-557 2%;"Общество с ограниченной ответственностью ""Литейный завод ""Петрозаводскмаш""";336 000,00;21.05.2018;Опубликована;http://www.zakupki.rosatom.ru/1805151051139
180515/0479/419;поставка реле РЭК и РПС;"Федеральное государственное унитарное предприятие  ""Приборостроительный завод""";15 590 797,20;21.05.2018;Опубликована;http://www.zakupki.rosatom.ru/1805150479419
180515/0539/207;Право заключения договора на Поставка масел, смазки;"Акционерное общество ""Атомспецтранс""";528 833,10;21.05.2018;Опубликована;http://www.zakupki.rosatom.ru/1805150539207
180428/0604/156;"Изготовление и поставка ""Сушилка в комплекте с РЦ500""";"Акционерное общество ""Свердловский научно-исследовательский институт химического машиностроения""";7 602 000,14;11.05.2018;Опубликована;http://www.zakupki.rosatom.ru/1804280604156
180514/1065/152;Право заключения договора на на поставку по Лоту № №80059/196 Акк1,2-18 «Поставка теплообменников пластинчатых для сооружения энергоблоков №1, 2 АЭС «Аккую»;"Акционерное общество ""Атомкомплект""";650 448 715,53;14.06.2018;Опубликована;http://www.zakupki.rosatom.ru/1805141065152
180507/0503/264;Поставка периодических изданий;"Акционерное общество ""Опытное Конструкторское Бюро Машиностроения имени И.И. Африкантова""";492 900,63;29.06.2018;Опубликована;http://www.zakupki.rosatom.ru/1805070503264
180514/2686/028;Право заключения договора на Поставка батарей аккумуляторных;"Центральный филиал Акционерного общества ""Атомспецтранс""";367 001,93;21.05.2018;Опубликована;http://www.zakupki.rosatom.ru/1805142686028
180514/2442/484;Право заключения договоров на  Поставка твердосплавного инструмента;"Акционерное общество ""Промышленные инновации"".";12 006 840,75;25.05.2018;Опубликована;http://www.zakupki.rosatom.ru/1805142442484
180514/3813/262;Право заключения договора на Поставка комплектующих для вентиляторов;"Волгодонский филиал Акционерного общества ""Инжиниринговая компания ""АЭМ-технологии""";157 002,36;21.05.2018;Опубликована;http://www.zakupki.rosatom.ru/1805143813262
180514/0669/046;"Право заключения договора на Поставка запасных частей для автомобилей   марки Mercedes-Benz АО ""АТА"" г. Москва";"Акционерное общество ""Альянстрансатом""";1 000 000,00;21.05.2018;Опубликована;http://www.zakupki.rosatom.ru/1805140669046
180514/5610/369;Право заключения договора на Поставка метизной продукции;"Акционерное общество ""Федеральный центр науки и высоких технологий ""Специальное научно-производственное объединение ""Элерон""";5 069 133,13;21.05.2018;Опубликована;http://www.zakupki.rosatom.ru/1805145610369
180514/0514/113;Право заключения договора на 907-U020-17/915 Поставка измерителя прецизионного В7-99  (или аналога);"Акционерное общество ""Высокотехнологический научно-исследовательский институт неорганических материалов имени академика А.А. Бочвара""";167 000,00;22.05.2018;Опубликована;http://www.zakupki.rosatom.ru/1805140514113
180514/0536/719;Право заключения договора на поставку бензина и дизельного топлива для нужд АО АСЭ (378Пр/ЗЦ-018);"Акционерное общество Инжиниринговая компания ""АСЭ""";6 089 160,00;21.05.2018;Опубликована;http://www.zakupki.rosatom.ru/1805140536719
180510/0503/262;Поставка листа из стали 20 толщиной 40мм;"Акционерное общество ""Опытное Конструкторское Бюро Машиностроения имени И.И. Африкантова""";258 502,60;08.05.2018;Опубликована;http://www.zakupki.rosatom.ru/1805100503262
